"DESCRIPTION","DURATION IN MS","NAME","PARENT SUITE","START TIME","STATUS","STOP TIME","SUB SUITE","SUITE","TEST CLASS","TEST METHOD"
"С сохранённой сессией открытие страницы товаров НЕ выкидывает на логин.
    Открой INVENTORY_URL и проверь, что текущий адрес страницы содержит 'inventory'.
    ","179","test_inventory_url_when_authenticated[chromium]","tests","2026-09-30","passed","2026-09-30","","test_inventory","",""
"","122","test_invalid_password_shows_error[chromium]","tests","2026-09-30","passed","2026-09-30","","test_login","",""
"","107","test_inventory_shows_six_products[chromium]","tests","2026-09-30","failed","2026-09-30","","test_your_turn","",""
"","96","test_successful_login[chromium]","tests","2026-09-30","failed","2026-09-30","","test_login","",""
"","91","test_empty_username_shows_error[chromium]","tests","2026-09-30","passed","2026-09-30","","test_your_turn","",""
"","114","test_locked_out_user_shows_error[chromium]","tests","2026-09-30","passed","2026-09-30","","test_your_turn","",""
"","203","test_inventory_available_with_saved_session[chromium]","tests","2026-09-30","passed","2026-09-30","","test_inventory","",""
